city_risk,zone_risk,weekly_income,rainfall_mm,aqi,temperature_c,working_hours,orders_per_day,traffic_index,platform_demand_index,income_loss_risk
1,1,9582.63,47.0,155,31.4,13.6,34,4,10,35.8
2,1,2245.87,20.1,334,21.8,8.9,24,9,1,45.8
2,1,2221.24,6.5,323,34.5,8.4,42,2,10,32.5
2,1,5236.1,5.3,93,21.1,7.4,32,3,9,16.7
1,1,6886.43,6.5,205,25.9,4.7,29,10,5,27.3
1,1,9704.07,22.4,145,43.2,9.3,36,8,5,42.6
1,1,8832.95,16.2,233,21.8,6.0,14,6,6,36.2
2,1,6459.03,3.1,60,17.3,13.1,46,8,9,27.0
2,2,4736.27,2.9,142,17.3,9.4,44,7,8,30.9
2,2,11971.25,1.6,96,46.0,9.5,37,5,8,51.0
1,1,6261.81,16.2,104,31.7,6.9,17,9,8,38.7
2,2,6513.87,21.7,74,28.5,3.6,45,4,1,50.3
2,2,3636.24,4.6,289,41.8,3.3,58,6,1,58.3
1,1,9948.1,0.3,183,42.6,7.7,46,2,8,28.5
1,2,8936.82,1.3,184,26.0,3.9,51,2,5,30.9
1,2,4207.7,51.6,263,37.9,9.7,41,2,9,46.1
1,1,2823.81,5.3,80,40.4,12.7,58,10,2,24.3
1,1,8804.99,22.0,335,36.6,12.7,20,7,9,41.4
1,2,8545.11,14.7,291,20.0,10.2,49,2,8,28.9
1,2,4732.6,7.2,344,43.9,5.3,26,2,9,39.5
2,1,11508.64,3.5,154,32.8,12.5,24,9,4,50.8
1,1,3510.58,1.9,274,24.3,12.7,54,7,1,27.4
1,1,6323.35,14.3,59,29.0,5.2,47,3,1,32.6
1,1,11436.16,22.4,151,16.2,11.1,31,3,5,27.3
1,2,6197.27,15.5,154,19.2,6.2,45,7,2,33.2
2,1,8385.26,11.3,66,40.3,11.8,20,5,8,38.0
1,1,5975.94,0.6,199,15.0,14.0,38,10,10,17.8
1,2,4742.15,51.9,153,28.7,3.3,36,6,5,48.8
2,1,11839.78,24.0,64,32.2,12.9,30,8,5,41.5
1,1,6093.34,5.2,116,16.8,9.8,29,9,2,22.2
2,2,10940.99,58.7,163,47.1,13.7,6,1,7,58.4
1,2,4299.55,13.8,225,22.5,8.1,16,3,8,43.5
1,2,4131.05,13.1,303,25.0,12.3,44,7,10,36.9
2,2,2311.34,20.7,230,25.0,3.7,13,6,1,55.4
2,1,8516.67,25.1,314,22.6,6.7,16,7,2,57.6
2,1,5685.26,16.0,106,15.0,3.7,30,8,10,31.8
1,2,10643.58,2.1,88,39.1,13.7,13,6,4,43.5
1,1,6732.1,6.2,155,46.9,12.0,14,3,5,27.1
2,1,11681.93,39.5,138,22.4,12.4,36,2,2,41.3
1,1,3855.26,3.8,253,36.9,13.3,38,7,1,38.0
1,1,10686.23,7.0,307,39.5,3.9,52,1,9,30.7
1,1,9765.97,8.5,97,43.0,7.2,24,3,1,42.4
1,1,9709.22,8.7,98,28.9,3.8,43,4,4,29.8
2,1,10447.83,14.2,194,25.0,5.3,6,1,2,41.6
1,1,9610.24,43.0,334,25.7,5.5,5,5,4,52.7
2,2,8262.2,4.1,191,38.5,8.2,55,10,8,49.9
1,2,3312.45,1.9,338,42.0,6.0,40,3,8,44.2
1,2,2325.26,3.3,71,21.0,4.1,28,2,9,21.9
1,2,11208.48,32.7,138,27.2,4.8,58,3,5,41.9
1,1,8166.5,15.6,80,44.8,4.6,31,8,7,37.6
2,1,9965.37,5.1,279,41.6,13.7,6,6,3,52.4
2,2,6815.22,25.4,50,47.5,11.4,35,7,10,37.0
2,2,3173.08,29.6,329,39.9,13.6,18,6,4,52.8
2,2,3251.86,28.1,168,28.0,7.8,6,6,10,49.1
2,1,8855.65,37.7,121,34.5,6.1,33,3,9,37.6
2,1,6303.06,4.4,309,36.8,11.8,19,8,10,39.7
1,1,4005.25,21.1,154,17.6,6.6,16,7,10,18.4
1,1,6915.95,9.3,140,33.0,6.3,41,7,1,31.0
1,2,2642.09,27.7,168,38.4,5.6,32,6,2,38.0
1,2,7819.71,19.6,302,20.5,4.4,24,5,5,47.6
1,1,4689.93,22.5,128,40.8,5.8,43,10,3,35.6
1,2,9975.59,16.0,281,34.3,6.9,28,8,2,53.1
2,2,5103.62,2.9,133,46.4,10.4,25,5,1,51.6
1,1,6552.2,11.8,243,16.4,3.7,14,9,10,33.8
1,1,2116.21,62.7,278,23.8,5.3,50,9,3,49.4
1,1,2724.47,41.6,181,34.9,11.9,18,1,1,25.7
1,1,5924.94,0.7,279,24.8,4.6,41,6,1,41.2
2,1,6799.39,2.7,304,38.6,6.8,22,7,1,56.8
1,1,8000.21,2.1,194,40.0,12.5,28,3,8,23.7
2,1,4916.63,19.4,37,18.4,4.7,18,7,3,36.4
2,1,8949.82,25.5,313,32.0,3.9,38,7,1,54.8
1,2,10601.22,3.6,34,31.8,8.3,16,2,7,34.8
1,1,9798.51,10.6,174,27.2,6.3,26,7,10,36.9
2,2,2396.19,27.6,130,45.8,9.2,10,1,3,51.3
2,1,6805.07,19.8,193,42.3,11.8,40,5,8,39.9
2,2,3049.3,11.7,176,38.0,4.5,49,9,4,50.3
2,1,4420.45,13.4,93,38.6,9.4,40,7,4,30.5
1,1,11866.63,10.7,120,30.2,8.6,26,7,5,34.4
1,2,3424.96,5.3,146,45.4,4.6,18,2,6,43.8
1,2,6988.88,12.5,296,37.9,9.9,20,8,7,43.3
2,2,8181.56,17.5,339,39.1,6.0,40,3,4,55.3
2,1,9024.65,31.0,202,43.4,8.4,29,8,8,49.2
1,1,7596.49,15.2,76,24.0,3.9,36,3,6,20.4
1,2,2097.71,21.5,169,41.6,8.1,37,10,1,45.4
1,2,5264.61,2.6,275,21.4,6.4,49,7,1,42.3
1,2,7177.12,9.3,178,26.4,12.0,40,2,9,23.6
2,2,2878.66,0.1,275,26.1,3.6,24,4,10,39.3
2,1,5506.27,4.2,34,47.3,7.6,22,6,6,39.3
2,2,2332.03,19.4,213,43.3,8.0,42,9,10,43.2
1,1,2785.78,72.1,49,38.1,11.0,7,5,8,24.0
1,1,5969.23,1.6,75,39.0,9.3,27,9,7,25.7
2,1,3327.16,7.7,41,33.5,10.3,36,5,6,29.7
2,2,7675.41,24.1,99,46.3,11.5,49,10,4,53.9
2,1,8894.65,3.4,46,31.4,12.5,20,8,7,32.0
2,1,10005.87,12.1,176,27.6,6.5,9,1,9,36.6
1,2,4001.5,19.8,183,20.4,8.9,8,7,10,28.4
1,1,3674.83,14.4,333,40.9,12.2,25,4,10,32.0
1,2,3045.68,3.1,137,39.2,13.9,44,5,7,31.2
1,1,8364.3,6.6,265,27.7,12.8,55,6,1,32.2
1,1,9064.76,23.0,337,15.8,7.1,18,5,10,38.0
1,2,2315.86,12.1,99,42.7,5.1,43,1,9,24.3
2,1,11362.12,0.1,212,15.4,8.4,35,9,4,47.2
1,1,2519.71,21.5,279,38.2,11.2,18,2,3,33.8
1,1,7412.96,0.5,257,47.0,8.4,10,9,4,43.9
2,1,9090.61,20.5,131,29.4,8.3,16,10,4,47.4
1,2,10709.69,3.4,104,22.8,12.2,20,2,10,28.3
1,1,9140.87,47.6,245,38.3,7.0,21,9,2,57.1
2,2,10017.28,6.9,232,42.0,12.5,49,6,1,53.0
1,1,5394.5,5.9,221,33.0,7.5,27,9,10,27.7
1,2,10148.25,2.4,278,46.9,6.6,18,6,1,63.4
1,2,2801.15,5.5,271,16.7,8.0,11,6,8,33.5
1,2,10948.17,31.4,208,31.7,11.4,50,2,2,48.8
2,1,7475.92,84.1,248,38.7,4.4,36,8,10,61.7
2,1,10172.98,6.9,111,43.5,5.2,19,3,5,41.8
2,1,6523.18,8.9,121,20.9,13.5,48,7,4,33.2
2,2,8435.78,19.2,204,41.4,4.9,21,5,8,51.1
2,2,7264.03,32.6,268,33.2,9.2,45,3,2,58.6
1,2,9315.9,13.5,289,28.1,9.4,58,1,10,35.3
2,1,2816.3,7.5,192,19.3,8.4,51,8,9,29.6
1,2,2603.52,8.0,77,43.6,10.1,48,3,7,25.8
2,2,4471.03,17.8,145,20.2,5.5,38,2,7,31.7
2,1,3595.45,0.0,254,25.2,9.1,9,1,1,39.3
1,1,10717.84,14.5,176,24.6,7.1,49,4,2,25.3
1,2,4192.14,6.6,92,43.8,10.3,31,8,4,39.1
1,2,11758.65,23.7,323,37.2,4.6,56,3,4,57.4
1,2,5368.96,1.5,42,41.3,9.3,27,1,3,33.7
2,1,3821.18,13.3,218,23.3,5.0,44,4,7,40.4
2,2,9896.99,9.8,316,35.6,6.1,18,9,8,66.6
1,1,8587.08,15.4,237,33.9,5.4,19,1,2,35.8
1,1,6981.96,1.0,143,42.5,5.0,47,2,4,29.4
1,1,7553.64,13.0,51,44.9,12.1,37,9,3,33.3
1,2,9192.02,12.4,243,15.4,6.1,57,2,2,33.1
1,2,4284.55,12.3,200,37.2,13.2,35,3,6,31.0
1,2,11963.34,13.9,83,16.7,13.7,39,7,4,34.5
2,1,11747.93,16.9,327,33.1,9.3,21,3,6,40.8
1,2,8503.26,24.5,349,24.5,4.6,32,9,2,58.8
1,1,3995.42,4.7,155,25.1,7.1,23,6,4,26.7
2,2,8802.28,26.1,306,26.6,11.8,50,3,6,43.0
1,1,2721.98,10.3,233,35.5,7.0,58,9,5,33.3
2,1,2306.53,1.2,223,26.0,4.0,27,1,3,36.8
2,1,4576.83,0.9,198,39.2,9.1,36,10,8,40.0
1,1,6626.23,6.1,181,28.3,12.3,44,3,7,19.9
1,2,10682.73,23.0,64,17.3,11.8,17,1,3,37.1
1,2,9271.69,18.4,213,40.9,4.9,24,2,6,50.1
1,1,9427.07,23.3,315,24.4,10.4,39,8,4,41.9
1,2,6254.93,10.9,86,29.3,5.4,9,7,5,38.4
2,1,5459.35,8.7,251,37.6,5.4,13,2,5,43.8
1,2,5710.39,2.4,332,26.0,12.6,33,2,7,40.4
1,2,11876.5,6.0,192,16.9,5.7,10,9,5,46.8
1,2,2401.09,8.5,48,27.3,5.9,29,6,3,42.1
2,1,10670.31,1.4,293,46.2,3.0,35,5,10,46.0
1,2,7786.75,3.7,311,36.2,12.6,26,10,5,51.0
1,2,6386.15,13.7,142,37.2,11.7,6,6,7,38.1
1,1,9252.58,20.0,59,35.9,9.9,49,9,5,32.6
2,1,6866.69,96.1,164,21.6,11.3,9,7,5,43.5
1,2,10734.23,40.6,96,28.8,4.7,31,10,9,45.5
2,2,11007.02,15.4,94,39.8,8.0,29,10,3,55.5
2,2,6217.21,8.2,321,18.3,6.9,12,9,6,56.4
1,2,4768.28,15.2,54,24.2,4.0,59,4,1,37.9
2,2,7923.5,23.1,66,24.1,8.3,5,2,10,42.2
1,1,11123.63,1.9,30,29.3,13.1,24,8,5,18.2
2,1,4106.62,7.9,66,47.4,3.4,48,4,8,40.5
2,1,8229.67,27.5,170,17.2,6.2,27,9,5,44.7
1,2,8315.6,7.3,261,32.1,5.3,36,4,9,38.4
1,1,9331.13,12.7,165,20.9,5.6,15,8,6,35.7
2,2,3315.68,13.3,217,47.0,13.0,43,9,8,49.5
1,2,9158.25,3.1,157,18.7,8.1,51,9,10,31.2
1,2,11090.33,6.7,230,28.3,8.1,58,10,8,45.4
1,1,3796.83,6.1,156,39.4,11.4,28,4,3,25.6
2,2,4375.43,0.4,286,38.3,4.7,15,1,7,47.7
2,1,11713.95,0.4,193,29.0,8.4,33,3,7,34.9
1,2,3809.77,26.7,64,26.4,7.7,58,9,10,24.0
1,1,10543.85,4.8,223,28.1,9.6,30,4,6,32.4
1,1,6922.78,10.9,220,23.7,14.0,20,5,7,28.6
2,2,4472.31,5.3,133,21.8,11.5,39,7,2,44.9
1,1,10707.5,42.4,52,30.9,7.4,24,5,9,34.2
2,1,6453.05,4.5,294,23.9,12.1,50,4,10,31.0
1,2,7148.17,8.4,319,24.5,4.9,7,2,10,39.2
2,2,5592.33,30.9,289,36.7,3.3,5,2,1,67.0
1,2,7929.51,27.7,104,47.0,5.2,57,4,1,42.1
1,2,3635.24,3.1,101,34.9,6.7,51,10,3,36.1
1,2,5910.82,24.3,288,17.5,8.6,5,10,3,48.2
2,1,11694.12,9.2,217,17.5,9.8,21,9,1,53.4
2,1,4581.33,9.9,202,46.4,13.0,6,8,7,46.8
1,1,8567.37,2.1,319,24.8,8.6,33,3,4,35.7
2,2,5251.9,1.3,74,18.0,8.5,24,9,10,41.2
2,2,9734.73,19.5,90,34.8,3.6,10,5,2,54.7
2,1,3308.74,10.3,112,35.6,3.4,12,3,10,32.9
1,1,11698.21,8.6,152,36.4,9.1,33,5,5,34.4
1,2,6537.9,19.6,45,23.8,7.8,52,10,6,38.9
1,1,4360.5,21.8,95,15.5,12.2,55,4,9,10.9
2,2,2734.97,2.6,174,46.8,4.8,37,8,4,51.6
2,2,3697.58,14.1,191,23.3,3.3,7,5,2,54.9
2,2,7197.74,2.2,263,37.3,7.9,39,10,5,61.0
1,1,5370.03,20.9,173,38.3,5.6,9,8,3,39.0
1,2,10288.83,16.0,217,35.1,3.5,31,9,2,57.2
2,2,6308.88,47.1,42,25.3,11.0,48,4,1,41.0
2,2,4487.14,1.1,213,23.9,4.2,16,7,10,35.2
2,2,8171.45,0.9,140,34.7,9.7,24,2,2,48.7
2,2,9067.77,5.0,319,43.6,6.1,49,6,6,61.4
2,2,3670.42,4.6,324,46.2,4.9,24,8,8,59.1
1,1,3676.19,4.3,244,18.5,7.2,13,7,3,24.4
1,2,2366.71,35.5,149,20.1,11.8,43,7,9,28.3
2,2,9364.02,4.3,84,46.2,7.3,8,8,9,44.1
2,1,8638.05,4.8,56,39.3,11.3,55,7,2,42.7
1,2,6746.31,21.4,147,44.1,4.4,58,5,8,36.4
1,2,10441.7,9.0,250,21.7,11.5,23,7,10,45.3
2,2,10056.7,22.5,260,34.4,5.6,42,10,5,67.1
1,1,7853.54,1.0,82,38.1,10.5,31,3,4,22.3
1,1,10682.71,10.0,324,37.4,9.2,49,5,10,30.3
1,2,4058.41,0.5,262,28.5,13.2,47,7,5,37.8
2,2,3119.2,1.0,187,15.5,7.3,17,9,4,42.9
2,1,4697.5,35.5,298,34.2,3.7,17,2,8,44.8
1,2,2570.87,2.2,50,23.4,3.2,26,4,4,28.8
2,2,7311.7,11.4,82,29.9,12.1,32,7,10,32.2
1,2,11366.06,7.9,304,46.6,8.8,56,1,6,37.6
1,2,2393.44,6.4,342,28.2,11.5,51,2,2,38.4
2,1,3221.1,34.5,310,42.7,5.6,57,9,5,47.9
2,1,6521.99,0.3,243,21.2,6.8,49,10,6,37.0
2,1,11338.75,16.4,60,37.2,3.3,26,7,5,48.9
2,2,5161.56,49.6,212,47.2,13.6,47,10,2,66.7
2,1,7072.35,12.3,52,18.4,10.3,23,7,7,28.5
1,1,2415.73,41.4,61,15.3,13.3,12,6,4,20.8
1,1,3483.43,0.8,103,29.3,5.9,56,3,8,17.4
1,2,11866.3,8.1,39,18.1,9.7,12,10,7,34.3
1,2,11651.19,4.5,83,39.7,10.5,46,3,7,36.9
2,1,2049.4,19.7,81,45.2,6.5,30,2,9,31.6
1,1,11518.12,59.7,177,29.3,12.3,52,6,1,44.8
2,2,8391.2,4.4,189,23.5,13.4,55,4,10,27.9
2,1,10679.18,15.9,43,29.3,12.7,30,5,6,30.4
2,1,6547.4,3.3,207,38.9,11.1,27,3,6,33.1
1,1,7155.96,12.5,82,15.3,6.1,47,6,6,22.0
2,1,6888.47,9.4,51,34.5,6.1,17,3,6,35.8
1,1,8668.64,53.6,59,35.2,13.6,32,8,10,35.7
1,1,3396.51,14.1,220,36.0,3.1,13,9,7,36.0
2,1,2299.74,6.5,289,23.0,10.9,24,4,10,27.0
1,2,5079.3,1.8,234,38.6,10.8,23,9,6,49.3
1,1,9046.81,2.5,88,18.0,9.8,52,7,1,27.6
2,2,4018.53,3.8,293,21.6,13.9,43,3,3,47.2
1,2,8734.32,4.3,41,44.0,6.4,55,7,2,44.0
2,1,11699.12,28.5,148,39.4,6.7,16,1,6,40.3
2,2,2939.01,12.4,319,15.5,3.9,19,3,8,39.8
2,1,8726.02,11.1,277,23.2,7.9,35,6,3,38.9
1,2,6437.5,1.8,156,22.1,5.9,59,4,10,29.9
1,1,10681.42,29.5,104,23.9,6.8,18,7,8,37.9
2,1,3771.5,19.2,233,23.2,12.2,15,3,8,38.7
1,1,8926.26,1.1,78,17.1,13.3,30,1,5,19.3
2,2,10381.15,18.5,108,30.1,5.0,46,9,8,55.7
2,2,11446.14,11.8,270,39.2,7.1,31,6,6,58.1
2,2,8832.48,1.3,183,35.0,13.2,15,8,5,48.0
1,1,6971.75,9.2,303,37.2,3.7,42,3,9,36.4
1,2,8178.47,9.9,125,17.7,4.0,38,8,7,39.8
2,1,10689.05,2.7,243,46.4,4.8,47,2,8,43.2
1,2,7706.1,43.7,323,42.7,9.5,23,4,1,60.8
1,1,2303.87,28.5,238,41.6,4.7,10,3,2,41.2
2,1,11309.49,16.6,117,42.2,13.6,50,10,8,46.5
2,1,8895.27,9.3,335,45.8,7.9,56,1,9,46.1
2,1,8765.13,8.0,293,33.0,8.5,42,7,4,49.4
2,2,4156.75,15.8,349,21.6,5.7,53,10,10,53.4
1,1,8588.85,11.8,186,35.4,8.2,46,2,10,26.5
2,2,5938.64,1.0,185,39.5,10.3,32,4,9,41.0
2,1,8512.33,10.8,168,39.4,11.3,5,9,4,51.7
1,2,3065.93,24.6,150,32.2,11.3,39,6,10,25.7
1,1,8578.45,9.2,94,17.3,9.4,44,8,10,24.4
2,1,11994.14,0.8,136,27.2,12.9,12,2,10,26.1
2,2,2482.12,23.1,176,45.4,12.0,56,7,9,44.4
2,1,11771.74,3.4,166,34.3,11.3,58,6,7,33.6
2,1,6069.08,4.5,191,32.8,3.6,51,9,2,47.5
1,2,10707.53,2.7,129,23.9,3.1,11,7,9,42.1
1,2,9823.85,6.0,336,27.2,5.3,15,1,4,42.6
2,1,7670.16,21.2,170,44.5,10.3,43,8,8,43.8
2,1,9384.49,11.0,112,37.0,7.5,8,10,7,43.9
2,2,10785.16,3.4,206,41.0,7.4,29,3,7,55.9
2,1,6041.4,31.5,227,30.0,12.7,16,2,8,35.8
1,1,5270.33,31.8,141,35.8,12.9,30,3,1,33.0
1,1,8675.93,30.7,85,23.2,13.0,42,6,5,22.1
2,2,10078.46,4.1,208,38.3,6.5,50,3,2,51.7
2,2,9622.85,9.0,215,29.1,10.6,16,10,2,58.7
2,1,9978.14,63.0,247,29.6,6.0,47,5,1,58.7
2,1,6355.83,22.2,345,36.4,5.1,55,6,5,55.3
2,1,10178.34,0.4,246,45.9,5.0,57,8,2,49.4
1,2,3202.09,1.0,149,17.1,6.8,41,7,4,37.0
1,1,7444.89,9.4,204,42.2,7.7,50,8,3,29.9
1,1,2057.59,36.0,52,24.6,12.1,57,3,3,12.1
2,2,5245.86,11.6,242,29.6,4.3,28,4,2,50.2
1,1,5664.62,10.3,264,15.7,11.1,20,6,6,22.6
1,2,5961.73,1.7,42,24.9,8.8,17,7,2,30.7
1,1,8954.67,16.0,130,31.6,6.2,29,9,8,35.6
1,1,5885.58,25.9,53,16.9,8.4,58,1,8,11.1
2,1,6486.94,7.2,40,31.2,6.3,58,8,5,34.3
1,2,4375.44,22.4,302,45.6,9.6,56,8,10,46.6
1,2,5732.52,50.1,310,18.5,7.8,58,6,7,44.3
2,2,4272.7,3.4,123,40.2,4.8,8,4,4,52.6
1,1,2731.96,11.1,230,28.5,4.3,15,3,1,33.8
1,2,8034.49,5.1,50,36.6,9.0,36,3,2,32.4
1,1,8682.13,23.6,240,23.6,12.9,53,6,10,29.7
2,1,8194.9,12.9,169,20.3,6.8,11,8,10,35.4
1,2,6634.94,15.1,322,20.3,11.1,50,7,4,39.3
2,1,5797.86,24.0,327,17.3,10.2,15,1,1,41.7
1,1,10633.34,7.6,130,21.1,13.2,32,6,8,20.2
1,1,7190.82,37.0,333,36.9,12.0,58,7,9,34.2
1,1,6791.82,11.4,57,44.1,9.2,45,7,4,31.6
1,1,2256.42,2.6,70,41.9,10.2,27,9,10,23.2
2,2,5412.48,17.9,332,37.6,12.9,49,10,3,55.4
2,1,5801.96,23.6,175,18.6,7.4,27,5,2,37.5
2,2,5988.23,5.7,285,24.5,6.6,54,1,5,48.1
1,2,7801.72,29.2,256,25.2,3.1,32,2,3,49.6
1,1,7336.03,35.5,265,23.2,12.1,47,4,10,34.3
2,1,8079.05,4.9,42,32.0,11.8,51,5,7,31.8
1,1,9648.83,61.6,239,32.7,4.1,30,9,6,54.0
1,2,10129.86,2.3,258,26.8,9.3,29,1,1,38.9
1,1,9181.23,3.4,129,26.7,8.1,58,3,8,23.4
1,2,11555.24,3.1,60,42.3,4.3,33,5,2,47.3
2,1,2182.33,33.7,45,41.0,13.8,23,3,5,28.2
2,2,3957.78,15.9,166,25.2,5.4,37,4,9,40.8
2,1,2075.63,2.5,195,45.2,3.7,40,3,8,38.0
1,1,8474.75,8.7,339,46.4,9.5,18,4,2,48.3
1,2,10980.31,14.3,129,25.8,11.1,18,1,9,29.9
1,2,4434.82,1.3,138,26.7,3.4,39,8,5,41.6
1,1,11270.35,32.1,202,31.7,10.2,34,4,10,29.4
1,2,2602.67,24.4,266,46.1,8.9,32,7,6,48.1
2,1,11344.36,10.6,191,43.9,4.1,21,2,3,48.8
2,2,5516.23,51.2,245,18.4,4.9,7,2,3,55.1
1,2,3014.21,8.1,293,28.0,9.2,20,6,10,40.2
2,1,6858.72,62.1,292,33.3,6.3,50,2,8,40.4
2,1,4567.77,16.5,321,31.6,13.3,34,6,10,44.0
2,1,4848.73,15.1,303,21.4,12.0,56,2,10,19.3
2,2,5072.9,2.7,32,43.3,13.8,33,4,2,39.3
1,2,10030.26,32.0,57,37.3,5.9,49,7,2,49.3
1,1,7391.61,8.4,178,42.7,13.7,19,8,5,37.9
1,1,5113.08,2.7,57,43.3,7.7,50,3,6,20.9
2,2,8103.34,0.2,339,39.7,6.8,29,9,2,65.6
1,2,9161.51,12.3,94,29.5,3.6,55,2,5,37.6
1,2,4726.24,11.2,50,35.1,3.6,42,8,7,35.7
1,1,6135.49,19.1,281,20.3,10.6,46,8,10,32.7
1,1,3218.86,33.1,264,37.2,8.0,51,4,10,31.0
2,1,3811.49,1.2,256,20.9,5.5,57,1,8,29.4
2,2,8811.18,19.7,42,37.9,9.8,58,1,7,34.2
1,1,3814.38,3.1,342,22.6,5.8,56,2,8,23.1
1,2,7251.63,29.3,78,18.9,9.4,42,9,9,32.6
1,1,9090.46,25.6,147,20.5,7.0,27,2,5,24.6
1,2,3068.77,11.7,83,15.1,12.1,29,2,5,24.5
1,2,7673.12,18.6,167,38.7,12.0,46,6,10,34.4
1,2,4565.63,5.7,82,39.2,8.3,11,7,4,43.8
1,1,11629.27,9.6,73,32.0,6.9,26,7,9,26.1
2,1,6835.46,25.9,332,20.3,7.0,21,9,5,56.9
2,1,10059.93,9.2,82,17.8,11.9,22,6,2,32.8
1,2,7502.27,6.6,103,15.6,6.6,53,8,10,30.0
1,2,2434.13,10.2,75,20.5,5.3,45,6,8,29.7
2,2,8331.51,26.4,42,44.4,3.9,14,2,7,47.8
1,2,11514.03,6.1,194,23.0,8.1,14,1,8,41.3
2,2,8016.12,2.9,131,26.7,8.3,11,5,3,44.7
2,1,10191.89,18.7,309,18.5,12.2,52,9,4,51.0
1,2,10842.06,26.2,287,22.3,5.4,54,8,5,50.9
1,1,4280.8,1.6,167,32.1,7.2,42,4,6,21.5
2,1,4120.45,4.1,192,35.1,11.9,31,5,1,37.4
1,2,8109.81,2.3,140,23.1,12.1,56,5,4,35.7
2,1,6110.28,6.4,131,16.9,7.2,37,6,10,24.5
2,1,10398.61,9.0,46,27.9,8.1,5,3,5,33.4
2,2,11000.23,20.7,297,22.7,6.3,48,5,7,53.0
1,1,5534.21,15.8,211,22.2,13.3,57,2,5,15.1
2,2,4368.71,14.6,53,46.7,4.3,38,10,1,63.8
1,1,9805.26,6.5,58,35.3,13.3,8,1,7,20.6
1,1,4748.06,27.6,200,33.4,10.5,21,1,8,28.8
2,1,10226.14,9.6,257,28.7,8.8,8,10,7,50.7
1,1,6237.38,58.0,217,29.2,3.4,47,7,4,38.0
2,2,8675.5,15.1,259,32.8,8.2,58,2,8,45.9
2,1,2955.35,2.0,148,38.0,7.5,30,4,5,36.9
1,2,8238.59,16.9,185,38.2,4.8,8,5,10,44.2
1,1,6517.68,5.9,301,20.7,10.2,5,7,9,36.4
1,2,7866.08,17.4,204,31.5,13.7,11,2,10,39.1
1,2,3680.14,1.1,133,28.6,9.2,34,6,5,37.1
1,2,9368.74,2.9,121,43.7,10.9,54,1,1,37.3
2,1,10627.97,29.0,215,35.8,3.8,13,7,9,46.4
1,1,4167.4,3.9,312,32.6,7.6,39,9,5,34.1
1,1,2957.15,27.2,210,18.8,4.3,12,5,6,31.0
2,2,2236.39,4.9,199,35.0,9.7,28,5,4,47.9
1,1,8419.72,15.4,216,18.9,13.3,23,4,6,18.1
2,1,8070.94,17.8,204,26.1,10.3,40,3,8,33.2
1,2,7466.97,10.8,251,19.7,3.8,54,9,3,47.4
1,1,4319.47,5.5,262,37.8,6.9,56,5,5,29.7
2,2,5909.06,3.6,191,21.8,9.1,47,8,2,53.2
2,1,7944.76,0.5,163,27.9,7.4,31,9,2,45.8
2,1,6967.67,5.4,253,44.6,12.2,36,5,7,45.6
2,2,11877.86,15.9,182,21.7,12.0,18,10,10,50.2
2,1,3364.4,41.8,62,31.8,9.7,22,9,10,37.9
1,2,8951.45,30.7,84,28.8,7.1,32,2,10,40.0
1,1,6043.19,21.8,36,15.6,5.8,33,9,6,30.0
2,1,6282.0,23.3,273,41.2,4.2,20,4,4,46.2
2,2,9175.98,16.4,342,17.3,6.9,39,6,5,54.4
2,2,8924.36,4.5,155,30.7,7.5,51,6,1,50.4
1,2,11912.56,35.7,41,33.5,10.4,35,6,7,43.4
1,1,3283.94,16.7,45,35.7,10.2,8,2,8,21.9
2,2,3041.1,12.3,237,37.7,3.8,41,7,9,45.6
1,1,9243.39,1.8,72,23.4,7.3,21,6,8,24.8
2,1,7783.87,8.9,164,15.3,5.0,43,1,5,22.3
2,2,4741.61,9.3,257,38.9,4.7,52,2,3,56.4
1,1,2794.19,30.0,140,32.7,12.1,50,7,10,18.8
2,2,2856.58,11.9,336,42.6,3.5,30,1,9,50.1
2,1,10941.91,7.2,189,42.1,7.6,52,1,6,37.7
1,1,3918.67,56.5,293,42.8,4.9,43,1,5,44.0
2,2,5233.72,1.8,254,31.0,12.7,45,8,3,38.4
1,2,4266.56,8.2,246,26.0,9.1,8,4,6,39.1
2,2,5549.96,0.6,74,41.1,5.5,34,4,3,46.2
1,2,2694.24,20.2,243,29.9,8.5,34,2,10,29.9
2,2,7190.6,37.5,88,21.1,11.0,26,1,6,46.9
1,2,2676.13,4.9,161,43.2,13.5,15,10,4,39.8
1,2,10003.57,29.3,133,44.1,5.4,6,9,2,63.1
2,1,4337.12,5.2,224,30.4,12.7,48,7,8,32.9
1,1,7400.12,36.2,186,17.5,13.3,16,4,4,35.0
1,1,10800.79,21.0,127,27.8,13.1,34,6,9,24.1
2,2,8508.77,24.5,255,41.5,10.0,40,2,7,48.7
2,2,7329.58,0.3,234,44.8,9.9,22,7,2,63.6
2,1,5243.34,49.4,108,21.7,7.4,30,2,4,37.1
2,2,5330.02,19.5,153,17.2,11.3,57,10,5,37.1
1,2,8694.87,5.5,247,44.0,8.8,11,8,3,53.4
1,1,11941.39,26.5,33,27.9,10.5,5,8,9,33.1
1,2,8618.39,5.0,119,32.9,7.7,30,1,5,39.3
2,2,7577.83,30.9,133,46.9,11.0,27,8,2,57.3
2,1,9306.51,1.8,148,17.2,12.1,30,2,3,19.5
2,2,6652.06,18.2,162,36.4,4.6,49,6,9,49.5
2,1,2601.42,11.7,341,17.4,12.2,10,1,7,26.6
1,2,7622.97,1.5,125,27.4,8.9,10,5,2,33.6
1,2,11576.25,4.2,172,41.5,12.3,48,7,9,29.6
1,2,3753.03,0.2,317,29.3,7.7,12,10,4,53.2
1,1,8900.05,9.5,57,47.9,7.2,28,1,9,25.8
1,2,4009.34,5.4,307,33.4,13.1,26,2,2,40.1
2,2,7358.28,13.7,262,25.6,5.8,23,7,10,56.4
1,1,2966.76,5.3,46,22.3,12.3,41,6,4,18.7
1,2,6503.71,5.3,88,26.6,8.3,22,3,5,39.7
1,1,9561.63,20.4,119,27.3,8.7,35,10,2,32.8
2,2,5475.72,0.7,228,17.3,6.4,41,2,10,35.5
2,1,8649.12,35.0,55,27.2,9.3,34,10,1,39.1
1,1,9954.5,28.7,54,30.3,6.6,46,4,7,26.1
1,1,11271.78,16.5,330,38.9,3.4,37,3,10,38.8
2,2,4346.42,13.5,296,36.7,6.0,14,7,1,65.0
1,1,5993.16,33.4,210,38.4,3.1,41,8,8,38.6
2,2,3524.16,3.1,97,15.3,13.8,16,2,3,36.0
2,1,11924.84,1.2,78,22.2,13.6,58,10,10,31.9
1,1,11270.01,4.1,204,36.8,7.3,34,7,6,46.7
1,2,7399.57,23.7,81,31.0,11.0,31,8,7,37.0
2,2,10420.33,0.5,131,15.2,6.8,43,6,10,35.5
1,1,7209.58,13.1,245,41.5,10.4,13,6,1,44.2
1,2,8235.86,80.8,217,40.5,11.9,58,10,6,52.3
2,2,2891.24,29.0,86,33.1,13.4,25,1,7,41.7
2,2,9552.7,11.1,76,17.2,7.4,16,4,6,41.9
2,1,3277.13,1.0,188,40.3,11.6,59,1,4,26.4
2,1,10260.68,26.7,203,34.3,5.9,33,4,1,48.6
1,2,9820.28,13.7,271,40.8,13.9,37,2,9,42.9
1,1,9087.45,1.8,311,39.8,3.3,47,5,4,41.2
2,2,2361.6,1.5,270,41.5,9.6,57,10,7,46.5
2,2,5031.28,36.1,34,32.1,10.3,19,9,7,53.5
1,2,4631.13,16.6,113,19.6,10.6,6,10,2,39.1
2,2,5601.36,26.5,337,37.1,4.3,56,3,1,59.8
1,2,2876.43,31.7,277,35.5,13.3,43,8,8,43.6
1,1,11369.58,12.7,83,39.5,5.0,57,3,8,21.2
1,2,7538.02,10.9,190,20.6,9.9,48,6,7,36.6
1,1,5055.24,8.4,255,21.4,5.4,58,4,8,19.1
1,1,5969.82,5.7,44,44.4,6.4,22,8,3,37.7
1,2,6472.03,8.6,253,39.7,9.0,7,6,2,48.3
1,2,8005.94,22.3,90,45.0,7.6,11,8,7,50.4
2,2,7156.79,13.8,151,40.0,4.8,47,1,8,48.4
2,2,11193.92,33.5,306,34.7,4.9,22,6,1,74.3
2,1,6969.63,8.8,75,36.6,7.6,48,1,10,26.1
2,1,11921.58,14.0,323,44.3,11.3,42,1,9,42.4
1,2,10514.25,15.0,91,34.1,12.9,41,8,4,39.9
1,1,4085.11,13.4,115,35.9,3.9,37,7,4,37.7
2,1,11305.95,18.2,239,20.2,7.3,48,3,3,39.2
1,1,3163.66,4.1,107,30.6,4.1,35,6,6,20.5
2,1,10174.5,10.8,231,38.6,3.2,15,9,1,61.9
1,1,5806.23,1.7,331,23.9,10.3,8,7,6,31.9
2,1,10779.74,7.3,252,21.7,9.6,22,3,2,39.8
1,1,10680.57,10.0,251,25.4,4.8,8,6,9,31.6
2,1,10059.25,15.8,32,23.0,5.6,53,4,2,32.9
1,2,9900.3,45.1,35,22.1,3.3,38,3,7,37.5
2,1,5046.79,13.8,122,29.0,12.2,33,9,1,40.7
1,1,2809.19,20.4,37,45.0,13.7,28,10,7,30.2
2,2,6029.8,10.6,264,31.7,4.5,26,2,5,53.5
2,1,3735.25,15.1,137,21.2,5.5,6,1,8,28.1
1,2,8949.51,1.1,190,17.5,12.6,48,2,4,30.4
2,2,5461.0,4.4,238,38.0,13.2,10,7,10,49.6
2,1,11756.1,6.7,269,27.6,7.6,46,10,7,52.5
1,1,8409.72,9.6,79,42.1,3.6,29,1,6,29.5
2,2,10224.81,0.7,40,36.8,3.4,59,6,5,44.9
2,2,3325.25,2.3,185,41.3,9.3,25,7,4,46.4
2,1,10620.14,4.9,99,24.0,7.3,59,9,7,29.5
1,2,11227.57,53.4,198,37.8,3.3,20,8,5,63.9
1,1,6870.62,6.0,301,23.7,9.4,35,6,5,35.1
2,2,8062.53,9.9,97,46.0,3.1,18,3,1,59.5
2,1,9648.1,3.3,281,36.0,11.7,43,8,2,48.3
1,2,3748.39,14.2,77,25.7,6.4,32,7,5,40.6
2,2,7025.66,4.9,213,23.9,3.4,36,3,3,47.5
1,2,5986.63,3.5,349,21.3,9.5,32,9,2,53.0
1,2,3463.74,10.9,216,37.9,7.4,55,2,4,36.5
1,1,5675.34,0.1,119,22.2,13.7,59,3,4,12.8
1,1,2681.72,0.1,168,34.6,9.0,53,2,4,22.9
2,1,2258.12,3.7,118,23.7,6.0,13,1,4,30.2
1,1,3351.66,0.6,303,36.8,10.8,49,4,3,31.6
2,2,11631.15,1.7,48,41.9,6.0,26,5,7,50.0
2,1,7495.3,6.2,340,40.7,12.9,36,6,9,42.0
2,1,11658.22,24.3,183,40.1,7.1,9,5,5,61.1
1,2,6324.98,12.7,289,21.2,9.0,27,1,4,43.9
1,2,5118.16,10.8,137,17.9,3.6,9,3,2,42.2
2,2,7061.42,5.2,314,38.1,7.7,46,1,2,54.0
2,2,6395.12,40.3,88,27.2,12.2,57,5,5,46.2
1,1,3056.65,7.6,154,29.3,11.9,36,5,7,22.2
2,1,8408.26,1.4,302,16.0,5.5,14,6,10,39.2
2,2,4160.38,14.4,136,23.6,5.5,43,8,10,39.3
2,2,8195.88,1.8,328,16.1,12.0,19,10,9,50.5
2,1,8502.01,6.4,274,44.0,13.2,11,1,7,28.5
2,2,3520.25,10.6,276,23.0,4.0,33,4,5,49.0
1,1,2613.5,31.1,37,33.4,8.0,51,10,10,19.9
2,1,9807.62,10.2,170,16.3,6.7,7,1,10,37.7
2,2,6598.0,18.2,37,37.0,12.6,23,9,10,42.7
1,2,2581.64,74.0,123,25.7,3.9,14,7,6,42.3
1,2,11948.66,2.1,68,44.6,5.3,32,7,3,49.2
1,1,2577.81,4.8,110,44.3,11.3,33,5,5,20.4
2,2,8950.35,7.5,216,25.7,3.6,19,7,8,55.2
2,1,11836.79,8.2,113,44.7,8.4,39,2,1,45.7
1,1,4391.8,7.9,117,47.9,7.9,10,4,1,39.7
2,2,3422.49,35.7,271,42.2,6.7,16,7,7,55.7
1,2,3213.85,18.8,122,42.9,7.3,51,3,5,35.7
2,2,5032.75,14.0,115,23.2,8.8,42,2,5,32.1
2,2,3010.46,5.6,73,34.0,4.8,17,10,1,55.8
2,2,8921.61,26.0,166,17.2,9.3,33,2,9,42.4
1,2,2622.92,46.5,103,18.1,11.9,23,1,1,35.3
1,1,7094.22,25.8,65,48.0,11.4,7,5,5,34.3
1,1,11966.97,0.0,130,25.8,4.7,12,6,10,32.4
1,1,10139.7,15.2,185,39.7,4.6,12,6,9,45.2
2,1,8152.19,0.8,284,41.6,5.9,59,9,4,48.1
2,2,5062.54,4.5,200,43.3,7.0,24,4,8,48.6
2,1,8238.96,0.9,245,47.9,7.5,51,1,6,35.3
2,1,7270.41,13.9,199,23.0,10.5,8,6,3,38.9
2,1,6260.83,17.4,281,16.3,3.6,55,5,4,40.2
2,2,3307.1,1.8,84,28.6,3.4,25,10,2,54.8
2,1,10866.04,7.3,120,19.3,7.3,7,6,1,43.4
2,2,6497.85,9.1,307,15.7,10.7,49,3,8,39.4
1,1,3946.23,6.9,130,26.9,5.1,12,2,1,27.2
1,1,5677.59,1.9,184,40.9,10.1,27,6,1,33.6
1,2,6141.3,8.1,170,33.7,5.9,20,1,4,40.8
2,2,10275.38,20.9,202,25.3,12.7,17,7,10,42.9
2,1,9336.14,1.1,39,36.6,12.9,7,7,10,37.7
1,2,9693.05,1.3,257,22.7,6.3,52,10,6,42.9
2,2,2110.31,6.6,294,15.5,5.5,13,7,9,48.1
2,1,6161.54,42.6,277,40.2,7.5,18,10,1,55.5
1,2,6813.44,16.6,276,35.6,5.6,17,1,7,46.8
1,2,2191.92,17.0,184,40.2,10.4,57,4,10,32.3
2,2,4598.13,6.7,63,16.3,12.1,11,7,5,40.0
1,2,9602.9,13.5,158,42.6,10.4,19,9,8,43.6
2,2,3371.1,0.2,189,35.4,12.1,11,5,7,44.5
1,2,7353.1,15.2,118,33.6,7.4,42,2,4,32.4
2,2,4152.02,36.7,122,35.6,4.7,38,7,4,51.9
2,2,2121.21,14.2,270,43.5,11.1,45,10,6,56.9
2,2,4412.01,31.0,146,34.4,7.0,26,1,6,48.2
2,2,11758.74,19.3,123,34.2,10.4,28,7,9,50.5
1,2,10015.37,1.9,192,47.7,6.0,53,6,5,43.9
1,1,11595.77,34.9,128,40.0,3.9,41,7,8,42.3
1,2,6878.54,1.0,142,29.6,13.9,48,10,5,37.1
2,2,3097.36,11.5,120,38.3,4.7,5,3,2,41.4
2,1,7479.59,2.3,235,27.8,13.9,14,3,6,38.3
2,2,6543.77,0.2,46,22.6,13.8,47,7,9,31.4
1,1,10443.57,8.2,303,34.7,11.7,20,2,3,43.4
1,1,2980.83,5.2,202,45.6,10.3,50,1,1,23.6
1,2,6882.41,10.0,145,45.7,9.4,12,9,1,40.4
1,1,3500.49,12.9,210,26.3,12.5,53,9,3,29.6
2,2,5246.76,0.7,120,32.4,6.2,29,7,10,43.0
1,2,9373.57,2.0,111,22.0,8.1,54,7,5,28.9
1,2,6760.18,12.3,143,47.9,9.8,16,3,3,41.3
2,1,5758.88,6.3,286,47.4,7.5,29,10,9,59.1
1,1,5944.76,19.6,87,36.4,7.7,21,2,8,23.0
1,2,6594.47,15.8,183,41.5,6.6,30,7,3,52.4
2,2,9850.17,28.0,145,38.6,9.2,50,9,9,49.6
1,2,10920.85,17.7,295,34.6,12.4,52,1,6,33.6
2,1,11553.35,8.4,344,16.8,5.2,18,4,7,45.3
2,2,9869.03,16.8,232,30.0,13.3,45,6,4,50.9
2,2,5154.07,4.8,70,37.3,10.6,40,7,4,42.3
1,2,8881.35,5.5,134,37.4,12.1,27,10,2,47.7
2,1,6376.03,23.3,222,27.3,9.1,47,7,5,41.4
1,2,4546.71,8.9,307,46.1,11.6,10,10,8,50.0
1,2,10408.72,24.0,266,20.5,3.2,51,2,7,37.2
1,2,2384.26,25.9,250,31.5,12.0,9,4,7,40.9
2,1,11017.62,29.2,97,37.8,3.4,47,5,6,36.1
1,2,6614.77,37.3,226,38.0,12.8,29,1,3,35.8
1,2,8372.01,8.5,285,36.4,13.9,22,1,5,44.8
2,1,8593.54,5.8,168,24.1,6.2,17,10,1,50.9
1,2,10951.18,13.1,341,20.2,5.3,47,3,7,44.3
1,2,8366.7,7.0,178,36.0,11.4,18,10,9,38.2
1,1,8139.34,13.8,128,34.8,5.8,32,3,1,31.8
1,1,2666.52,18.3,105,20.9,12.5,22,8,2,24.9
1,2,7184.08,17.5,311,38.3,4.1,32,9,3,51.7
1,1,3501.69,7.0,138,30.0,4.4,55,1,3,19.1
2,2,9374.34,2.7,217,37.0,13.8,31,2,8,46.8
1,1,7122.22,8.4,228,42.6,10.4,36,10,7,43.1
1,2,8802.28,2.3,332,20.6,12.3,51,2,6,34.4
2,1,2416.73,33.1,183,15.6,6.6,13,4,10,33.0
1,2,2847.92,6.4,69,40.7,10.4,44,2,10,15.8
2,2,9163.23,2.5,162,35.1,9.5,36,7,4,54.6
1,2,2720.84,0.4,161,38.1,9.6,24,9,9,33.2
1,2,2712.57,15.6,308,42.7,10.5,32,7,1,52.1
1,1,2121.08,15.2,113,41.5,9.3,37,6,2,28.6
